{
  "hash": "ba553a3d",
  "browserHash": "112703dc",
  "optimized": {
    "@angular/common/http": {
      "src": "../../../../../node_modules/@angular/common/fesm2022/http.mjs",
      "file": "@angular_common_http.js",
      "fileHash": "47ed5592",
      "needsInterop": false
    },
    "@angular/core": {
      "src": "../../../../../node_modules/@angular/core/fesm2022/core.mjs",
      "file": "@angular_core.js",
      "fileHash": "839d4dfc",
      "needsInterop": false
    },
    "@angular/forms": {
      "src": "../../../../../node_modules/@angular/forms/fesm2022/forms.mjs",
      "file": "@angular_forms.js",
      "fileHash": "4ffa0602",
      "needsInterop": false
    },
    "@angular/platform-browser": {
      "src": "../../../../../node_modules/@angular/platform-browser/fesm2022/platform-browser.mjs",
      "file": "@angular_platform-browser.js",
      "fileHash": "632dc686",
      "needsInterop": false
    },
    "@angular/router": {
      "src": "../../../../../node_modules/@angular/router/fesm2022/router.mjs",
      "file": "@angular_router.js",
      "fileHash": "ad0cf71b",
      "needsInterop": false
    },
    "@angular/common": {
      "src": "../../../../../node_modules/@angular/common/fesm2022/common.mjs",
      "file": "@angular_common.js",
      "fileHash": "3824d4bc",
      "needsInterop": false
    }
  },
  "chunks": {
    "chunk-BOKVOCV6": {
      "file": "chunk-BOKVOCV6.js"
    },
    "chunk-D6SUYPRH": {
      "file": "chunk-D6SUYPRH.js"
    },
    "chunk-JNFLRRGR": {
      "file": "chunk-JNFLRRGR.js"
    },
    "chunk-3P3BU2IS": {
      "file": "chunk-3P3BU2IS.js"
    }
  }
}